school,sex,age,address,famsize,Pstatus,Medu,Fedu,Mjob,Fjob,reason,guardian,traveltime,studytime,schoolsup,famsup,activities,nursery,higher,internet,romantic,famrel,freetime,goout,Dalc,Walc,health,failures.x,paid.x,absences.x,G1.x,G2.x,G3.x,failures.y,paid.y,absences.y,G1.y,G2.y,G3.y,alc_use,high_use
GP,F,15,R,GT3,T,1,1,at_home,other,home,mother,2,4,yes,yes,yes,yes,yes,yes,no,3,1,2,1,1,1,1,yes,2,7,10,10,0,yes,4,13,13,13,1,FALSE
GP,F,15,R,GT3,T,1,1,other,other,reputation,mother,1,2,yes,yes,no,no,yes,yes,yes,3,3,4,2,4,5,2,no,2,8,6,5,0,no,2,13,11,11,3,TRUE
GP,F,15,R,GT3,T,2,2,at_home,other,reputation,mother,1,1,yes,yes,yes,yes,yes,no,no,4,3,1,1,1,2,0,yes,8,14,13,13,0,no,8,14,13,12,1,FALSE
GP,F,15,R,GT3,T,2,4,services,health,course,mother,1,3,yes,yes,yes,yes,yes,yes,no,4,3,2,1,1,5,0,yes,2,10,9,8,0,no,2,10,11,10,1,FALSE
GP,F,15,R,GT3,T,3,3,services,services,reputation,other,2,3,no,yes,yes,yes,yes,yes,yes,4,2,1,2,3,3,2,yes,8,10,10,10,0,yes,2,13,13,13,2.5,TRUE
GP,F,15,R,GT3,T,3,4,services,health,course,mother,1,3,yes,yes,yes,yes,yes,yes,no,4,3,2,1,1,5,0,yes,2,12,12,11,0,no,2,11,12,12,1,FALSE
GP,F,15,R,GT3,T,3,4,services,teacher,course,father,2,3,no,yes,no,yes,yes,yes,yes,4,2,2,2,2,5,2,no,0,12,0,0,0,no,0,10,11,12,2,FALSE
GP,F,15,R,LE3,T,2,2,health,services,reputation,mother,2,2,yes,yes,no,yes,yes,yes,no,4,1,3,1,3,4,0,yes,2,8,9,8,0,no,0,11,10,11,2,FALSE
GP,F,15,R,LE3,T,3,1,other,other,reputation,father,2,4,no,yes,no,no,yes,yes,no,4,4,2,2,3,3,0,no,12,16,16,16,0,no,6,15,15,15,2.5,TRUE
GP,F,15,U,GT3,A,3,3,other,health,reputation,father,1,4,yes,no,no,yes,yes,no,no,4,3,3,1,1,4,0,no,10,10,11,11,0,no,10,10,10,10,1,FALSE
GP,F,15,U,GT3,A,4,3,services,services,reputation,mother,1,2,no,yes,yes,yes,yes,yes,no,4,3,2,1,1,1,0,yes,0,14,15,15,0,no,0,15,14,15,1,FALSE
GP,F,15,U,GT3,T,1,1,at_home,other,course,mother,3,1,no,yes,yes,no,yes,yes,yes,4,3,3,1,2,4,0,no,0,8,0,0,0,no,6,11,12,13,1.5,FALSE
GP,F,15,U,GT3,T,1,1,other,other,home,father,1,2,no,yes,yes,no,yes,yes,no,4,3,2,2,3,4,0,no,2,9,10,10,0,no,2,13,12,12,2.5,TRUE
GP,F,15,U,GT3,T,1,1,other,services,course,father,1,2,no,yes,no,yes,yes,yes,no,4,4,2,1,2,5,0,yes,0,8,11,11,0,no,0,12,12,12,1.5,FALSE
GP,F,15,U,GT3,T,1,2,at_home,other,course,mother,1,2,no,yes,no,no,yes,yes,no,4,3,2,1,1,5,0,yes,2,10,11,11,0,no,6,13,12,13,1,FALSE
GP,F,15,U,GT3,T,1,2,at_home,services,course,mother,1,2,no,no,no,no,yes,yes,no,3,2,3,1,2,1,0,no,2,16,15,15,0,no,0,14,14,14,1.5,FALSE
GP,F,15,U,GT3,T,2,1,services,other,reputation,father,3,3,no,yes,yes,yes,yes,yes,no,5,2,2,1,1,4,0,no,4,10,12,12,0,no,0,10,12,13,1,FALSE
GP,F,15,U,GT3,T,2,2,other,other,course,mother,1,4,yes,yes,no,yes,yes,yes,no,5,1,2,1,1,3,0,yes,8,7,8,8,0,no,4,10,10,10,1,FALSE
GP,F,15,U,GT3,T,2,3,other,other,other,father,2,1,no,yes,yes,yes,yes,no,no,3,5,1,1,1,5,0,no,0,8,7,6,0,no,4,11,11,11,1,FALSE
GP,F,15,U,GT3,T,3,2,health,services,home,father,1,2,no,yes,no,yes,yes,yes,no,3,3,2,1,1,3,3,no,0,6,7,0,1,no,2,11,11,11,1,FALSE
GP,F,15,U,GT3,T,3,2,services,other,home,mother,2,2,yes,yes,no,yes,yes,yes,no,4,3,5,1,1,2,0,yes,26,7,6,6,0,no,16,11,10,10,1,FALSE
GP,F,15,U,GT3,T,4,2,health,services,home,mother,1,3,no,yes,yes,yes,yes,yes,yes,3,2,2,1,1,5,0,yes,2,15,14,15,0,no,0,14,14,14,1,FALSE
GP,F,15,U,GT3,T,4,2,other,other,reputation,mother,1,3,no,yes,yes,yes,yes,yes,no,5,3,3,1,3,1,0,no,4,13,14,14,0,no,4,15,15,15,2,FALSE
GP,F,15,U,GT3,T,4,3,services,other,reputation,mother,1,1,no,no,yes,yes,yes,yes,no,4,5,5,1,3,1,0,yes,4,16,17,18,0,no,6,14,13,13,2,FALSE
GP,F,15,U,GT3,T,4,4,services,at_home,course,mother,1,3,no,yes,yes,yes,yes,yes,yes,4,3,3,1,1,5,0,no,0,11,0,0,0,no,4,13,14,15,1,FALSE
GP,F,15,U,GT3,T,4,4,services,services,course,mother,1,1,yes,yes,no,yes,yes,yes,no,3,3,4,2,3,5,0,yes,0,8,10,11,0,no,0,13,12,12,2.5,TRUE
GP,F,15,U,GT3,T,4,4,services,services,reputation,father,2,2,no,no,no,yes,yes,yes,yes,4,4,4,2,3,5,2,yes,6,7,9,8,0,no,4,12,11,12,2.5,TRUE
GP,F,15,U,GT3,T,4,4,services,teacher,other,father,1,2,yes,yes,yes,no,yes,yes,no,4,4,4,1,1,3,1,no,2,7,7,7,0,no,2,13,12,12,1,FALSE
GP,F,15,U,GT3,T,4,4,teacher,health,reputation,mother,1,2,no,yes,no,yes,yes,yes,no,3,3,3,1,2,2,0,yes,0,10,8,9,0,no,2,14,14,14,1.5,FALSE
GP,F,15,U,GT3,T,4,4,teacher,services,course,mother,1,3,no,yes,yes,yes,yes,yes,no,4,2,2,1,1,5,0,yes,2,9,11,11,0,no,2,13,13,13,1,FALSE
GP,F,15,U,GT3,T,4,4,teacher,teacher,course,mother,2,1,no,no,yes,yes,yes,yes,no,4,3,2,1,1,5,0,no,0,16,16,15,0,no,6,13,14,14,1,FALSE
GP,F,15,U,LE3,A,3,3,other,other,other,mother,1,1,no,no,no,yes,yes,yes,no,5,3,4,4,4,1,0,yes,6,10,13,13,0,no,0,13,12,13,4,TRUE
GP,F,15,U,LE3,A,3,4,other,other,home,mother,1,2,yes,no,yes,yes,yes,yes,yes,5,3,2,1,1,1,0,no,0,7,10,11,0,no,0,10,11,11,1,FALSE
GP,F,15,U,LE3,A,4,3,other,other,course,mother,1,2,yes,yes,yes,yes,yes,yes,yes,5,2,2,1,1,5,0,yes,8,8,8,6,0,yes,4,10,11,11,1,FALSE
GP,F,15,U,LE3,T,1,1,at_home,other,other,mother,1,2,yes,no,no,yes,yes,yes,no,4,3,2,2,3,3,3,yes,10,7,8,10,0,no,6,12,13,12,2.5,TRUE
GP,F,15,U,LE3,T,3,2,services,other,reputation,mother,1,2,no,yes,no,yes,yes,yes,no,4,4,4,1,1,5,0,yes,10,7,6,6,0,no,4,12,11,11,1,FALSE
GP,F,15,U,LE3,T,4,2,health,other,other,mother,1,2,no,yes,no,yes,yes,yes,no,4,3,3,1,1,5,0,yes,2,11,13,13,0,no,0,16,14,16,1,FALSE
GP,F,15,U,LE3,T,4,3,services,services,reputation,father,1,2,yes,no,yes,yes,yes,yes,yes,4,4,4,2,4,2,0,no,0,10,10,10,0,no,0,13,12,12,3,TRUE
GP,F,16,R,GT3,T,2,2,services,services,reputation,mother,2,4,no,yes,yes,no,yes,yes,no,5,3,5,1,1,5,0,yes,6,10,10,11,0,no,6,13,13,13,1,FALSE
GP,F,16,R,GT3,T,3,3,services,other,reputation,father,1,3,yes,yes,yes,yes,yes,yes,no,4,1,2,1,1,2,1,no,0,7,10,10,0,no,4,11,11,11,1,FALSE
GP,F,16,R,GT3,T,4,4,health,teacher,other,mother,1,2,no,yes,yes,yes,yes,no,no,2,4,4,2,3,4,0,no,6,10,11,11,0,no,0,17,16,16,2.5,TRUE
GP,F,16,U,GT3,A,2,1,other,other,other,mother,1,2,no,no,yes,yes,yes,yes,yes,5,3,4,1,1,2,0,yes,8,8,9,10,0,no,2,12,13,12,1,FALSE
GP,F,16,U,GT3,A,2,2,other,other,reputation,mother,1,2,yes,yes,no,yes,yes,yes,no,3,3,4,1,1,4,0,yes,0,12,13,14,0,no,0,13,13,13,1,FALSE
GP,F,16,U,GT3,A,3,1,services,other,course,mother,1,2,no,yes,no,yes,yes,yes,no,2,3,3,2,2,4,3,yes,5,7,7,7,0,no,2,11,11,12,2,FALSE
GP,F,16,U,GT3,A,3,3,other,other,course,other,2,1,no,yes,yes,no,yes,yes,yes,4,3,2,1,1,5,2,no,0,4,0,0,0,no,4,9,9,10,1,FALSE
GP,F,16,U,GT3,A,3,4,services,other,course,father,1,1,no,no,no,yes,yes,yes,no,3,2,1,1,4,5,0,no,16,12,11,11,0,no,12,15,13,14,2.5,TRUE
GP,F,16,U,GT3,T,1,1,at_home,other,home,mother,2,1,no,yes,no,yes,yes,no,no,4,3,2,1,4,5,0,yes,6,9,9,10,0,no,2,12,13,13,2.5,TRUE
GP,F,16,U,GT3,T,1,1,services,services,course,father,4,1,yes,yes,yes,no,yes,yes,yes,5,5,5,5,5,5,0,no,6,10,8,11,0,no,0,10,10,16,5,TRUE
GP,F,16,U,GT3,T,1,3,at_home,services,home,mother,1,2,no,no,yes,no,yes,yes,yes,4,3,5,1,1,3,3,no,0,8,7,0,0,no,0,14,13,13,1,FALSE
GP,F,16,U,GT3,T,2,1,other,other,course,mother,1,2,no,yes,no,yes,yes,no,yes,4,3,5,1,1,5,0,yes,2,8,9,10,0,no,0,13,12,12,1,FALSE
GP,F,16,U,GT3,T,2,1,other,other,home,mother,1,1,no,no,no,yes,yes,yes,yes,4,5,2,1,1,5,0,no,20,13,12,12,0,no,4,9,10,10,1,FALSE
GP,F,16,U,GT3,T,2,2,at_home,other,home,mother,1,2,yes,no,yes,yes,yes,yes,no,3,1,2,1,1,5,1,no,6,10,13,13,1,no,12,8,10,10,1,FALSE
GP,F,16,U,GT3,T,2,2,other,other,home,mother,1,2,no,no,no,yes,yes,yes,yes,5,4,4,1,1,5,0,yes,0,8,7,8,0,no,0,12,11,11,1,FALSE
GP,F,16,U,GT3,T,2,2,other,other,home,mother,1,2,no,yes,no,no,yes,yes,no,5,1,5,1,1,4,0,yes,0,6,7,0,0,no,0,12,12,13,1,FALSE
GP,F,16,U,GT3,T,2,2,other,other,reputation,mother,1,4,no,no,no,yes,yes,yes,yes,5,2,3,1,3,3,0,yes,0,11,11,11,0,no,1,13,13,13,2,FALSE
GP,F,16,U,GT3,T,2,2,services,other,reputation,mother,2,2,no,no,yes,no,yes,yes,no,3,4,4,1,4,5,0,yes,2,13,13,11,0,no,0,13,12,14,2.5,TRUE
GP,F,16,U,GT3,T,2,2,services,services,home,mother,1,1,no,yes,no,no,yes,yes,no,1,2,2,1,3,5,2,yes,14,6,9,8,0,no,6,10,11,12,2,FALSE
GP,F,16,U,GT3,T,2,3,other,other,reputation,mother,1,2,yes,yes,yes,yes,yes,no,no,4,4,3,1,3,4,0,yes,6,8,10,10,0,no,4,11,12,12,2,FALSE
GP,F,16,U,GT3,T,2,3,services,services,course,mother,1,2,no,no,no,yes,yes,yes,no,4,3,3,1,1,2,0,no,10,11,12,13,0,no,6,12,12,13,1,FALSE
GP,F,16,U,GT3,T,2,3,services,teacher,other,mother,1,2,yes,no,no,yes,yes,yes,no,2,3,1,1,1,3,0,no,2,16,16,17,0,no,0,13,13,14,1,FALSE
GP,F,16,U,GT3,T,3,1,services,other,course,mother,1,4,yes,yes,no,yes,yes,yes,no,4,3,3,1,2,5,0,yes,4,7,7,6,0,no,0,10,9,10,1.5,FALSE
GP,F,16,U,GT3,T,3,2,other,other,reputation,mother,1,2,no,yes,no,yes,yes,yes,no,1,2,2,1,2,1,0,yes,14,12,13,12,0,no,8,14,15,16,1.5,FALSE
GP,F,16,U,GT3,T,3,3,other,other,home,father,1,2,no,yes,no,yes,yes,no,no,4,3,2,1,2,5,0,yes,4,6,10,10,0,no,0,11,13,13,1.5,FALSE
GP,F,16,U,GT3,T,3,3,other,other,home,mother,1,3,no,yes,no,yes,yes,yes,yes,4,3,3,1,3,4,0,yes,0,7,7,8,0,no,2,9,11,11,2,FALSE
GP,F,16,U,GT3,T,3,3,other,other,reputation,mother,3,2,yes,yes,yes,yes,yes,no,no,5,3,2,1,1,4,0,no,4,8,10,10,0,no,2,13,14,14,1,FALSE
GP,F,16,U,GT3,T,3,3,other,services,home,mother,1,2,yes,yes,yes,yes,yes,yes,no,4,3,3,2,4,5,0,yes,54,11,12,11,0,no,4,11,11,11,3,TRUE
GP,F,16,U,GT3,T,3,4,at_home,other,course,mother,1,2,no,yes,no,yes,yes,yes,no,2,4,3,1,2,3,0,no,12,5,5,5,0,no,14,12,11,11,1.5,FALSE
GP,F,16,U,GT3,T,4,2,health,services,home,father,1,2,no,no,no,yes,yes,yes,yes,4,2,3,1,1,3,0,yes,0,14,15,16,0,no,0,17,17,18,1,FALSE
GP,F,16,U,GT3,T,4,2,services,other,course,mother,1,2,no,yes,no,yes,yes,yes,no,4,2,3,1,1,5,0,no,2,15,16,16,0,yes,2,16,15,16,1,FALSE
GP,F,16,U,GT3,T,4,2,teacher,services,home,mother,2,2,no,yes,yes,yes,yes,yes,no,5,3,3,1,1,1,0,yes,0,11,10,10,0,no,2,13,14,14,1,FALSE
GP,F,16,U,GT3,T,4,3,health,other,home,mother,1,2,no,yes,yes,yes,yes,yes,no,4,3,5,1,5,2,0,no,2,16,16,16,0,no,2,14,14,15,3,TRUE
GP,F,16,U,GT3,T,4,3,other,at_home,course,mother,1,3,yes,yes,no,yes,yes,yes,no,5,3,5,1,1,3,0,yes,0,7,9,8,0,no,2,12,13,13,1,FALSE
GP,F,16,U,GT3,T,4,3,teacher,health,home,mother,1,3,yes,yes,yes,yes,yes,yes,no,3,4,4,2,4,4,0,yes,2,10,9,9,0,no,0,14,13,13,3,TRUE
GP,F,16,U,GT3,T,4,3,teacher,other,other,mother,1,2,no,no,yes,yes,yes,yes,yes,1,3,2,1,1,1,0,yes,10,11,12,13,0,no,4,14,15,15,1,FALSE
GP,F,16,U,GT3,T,4,4,health,health,reputation,mother,1,2,no,yes,no,yes,yes,yes,yes,4,4,2,1,1,3,0,yes,0,14,14,14,0,no,0,16,16,17,1,FALSE
GP,F,16,U,GT3,T,4,4,health,other,home,mother,1,1,no,yes,no,yes,yes,yes,no,4,4,4,1,2,2,0,no,4,14,14,14,0,no,6,17,17,17,1.5,FALSE
GP,F,16,U,GT3,T,4,4,other,other,reputation,mother,1,1,no,no,yes,no,yes,yes,no,5,3,4,1,2,1,0,no,6,11,14,14,0,no,4,12,13,13,1.5,FALSE
GP,F,16,U,GT3,T,4,4,services,services,reputation,mother,1,3,no,yes,yes,yes,yes,yes,no,3,2,3,1,2,2,0,yes,6,13,14,14,0,no,10,13,13,14,1.5,FALSE
GP,F,16,U,GT3,T,4,4,teacher,services,home,mother,1,3,no,yes,yes,no,yes,yes,no,5,3,2,1,1,5,0,no,0,13,13,14,0,no,4,15,16,16,1,FALSE
GP,F,16,U,LE3,A,3,3,other,services,home,mother,1,2,no,yes,no,yes,yes,yes,no,2,3,5,1,4,3,0,no,12,11,12,11,0,no,6,13,12,13,2.5,TRUE
GP,F,16,U,LE3,T,1,1,at_home,at_home,course,mother,1,1,no,no,no,yes,yes,yes,no,3,4,4,3,3,1,0,no,2,14,14,13,0,no,4,10,11,11,3,TRUE
GP,F,16,U,LE3,T,1,2,other,services,reputation,father,1,2,yes,no,yes,yes,yes,yes,no,4,4,3,1,1,1,0,no,4,8,10,9,0,no,0,13,13,10,1,FALSE
GP,F,16,U,LE3,T,2,2,at_home,other,course,mother,1,2,no,yes,no,yes,yes,no,no,4,3,4,1,2,2,0,no,4,8,7,6,0,no,6,13,11,11,1.5,FALSE
GP,F,16,U,LE3,T,2,2,other,at_home,course,father,2,2,yes,no,yes,yes,yes,yes,no,4,3,3,2,2,5,1,no,14,10,10,9,1,no,14,10,11,11,2,FALSE
GP,F,16,U,LE3,T,2,2,other,other,home,mother,2,2,no,yes,yes,no,yes,yes,yes,3,3,3,1,2,3,1,no,25,7,10,11,0,no,16,11,11,10,1.5,FALSE
GP,F,16,U,LE3,T,2,2,services,services,course,mother,3,2,no,yes,no,yes,yes,yes,no,4,3,3,2,3,4,0,yes,2,12,13,13,0,no,0,14,13,13,2.5,TRUE
GP,F,16,U,LE3,T,2,4,other,health,course,father,2,2,no,yes,yes,yes,yes,yes,yes,4,2,2,1,2,5,0,yes,2,13,13,13,0,no,2,14,12,13,1.5,FALSE
GP,F,16,U,LE3,T,3,1,other,other,home,father,1,2,yes,yes,no,yes,yes,no,no,3,3,3,2,3,2,0,no,4,7,6,6,0,no,0,12,13,12,2.5,TRUE
GP,F,16,U,LE3,T,3,3,other,other,reputation,mother,2,2,no,yes,yes,yes,yes,yes,no,4,4,5,1,1,4,0,yes,4,10,11,9,0,no,0,14,14,15,1,FALSE
GP,F,16,U,LE3,T,4,3,teacher,services,course,mother,3,2,no,yes,yes,yes,yes,yes,no,5,4,3,1,2,1,0,no,2,16,15,15,0,no,2,16,15,16,1.5,FALSE
GP,F,16,U,LE3,T,4,4,health,health,other,mother,1,3,no,yes,yes,yes,yes,yes,yes,5,4,5,1,1,4,0,yes,4,14,15,16,0,no,2,15,15,14,1,FALSE
GP,F,16,U,LE3,T,4,4,teacher,teacher,reputation,mother,1,2,no,yes,no,yes,yes,yes,no,4,5,2,1,2,3,0,yes,0,9,9,10,0,no,0,11,10,11,1.5,FALSE
GP,F,17,R,GT3,A,3,2,other,other,home,mother,1,2,no,yes,no,yes,yes,yes,no,4,3,3,2,3,2,0,yes,4,9,10,10,0,no,0,14,14,16,2.5,TRUE
GP,F,17,R,GT3,T,2,1,at_home,services,course,mother,3,2,no,no,yes,yes,yes,no,no,2,1,1,1,1,3,0,no,2,13,11,11,0,no,2,13,13,13,1,FALSE
GP,F,17,R,GT3,T,2,1,at_home,services,reputation,mother,2,2,no,yes,yes,yes,yes,yes,no,4,2,5,1,2,5,0,no,2,6,6,6,0,no,0,11,10,11,1.5,FALSE
GP,F,17,R,GT3,T,2,2,other,other,reputation,mother,1,1,no,yes,no,yes,yes,yes,no,5,3,2,1,2,3,0,no,18,7,6,6,0,no,21,13,13,13,1.5,FALSE
GP,F,17,R,GT3,T,2,4,at_home,other,course,father,1,3,no,yes,no,yes,yes,yes,yes,4,4,3,1,1,5,0,no,7,12,14,14,0,no,0,15,15,15,1,FALSE
GP,F,17,R,GT3,T,3,4,at_home,services,course,father,1,3,no,yes,yes,no,yes,yes,no,4,3,4,2,5,5,0,yes,0,11,11,10,0,no,2,15,15,17,3.5,TRUE
GP,F,17,R,GT3,T,4,3,teacher,other,reputation,mother,2,3,no,yes,yes,yes,yes,yes,yes,4,4,2,1,1,4,0,yes,6,7,7,7,0,no,0,11,12,12,1,FALSE
GP,F,17,R,LE3,T,2,2,services,services,course,mother,1,3,no,yes,yes,yes,yes,yes,no,3,3,2,2,2,3,0,yes,3,11,11,11,0,no,0,11,11,10,2,FALSE
GP,F,17,R,LE3,T,3,1,services,other,reputation,mother,2,4,no,yes,no,yes,yes,no,no,3,1,2,1,1,3,0,yes,6,18,18,18,0,no,0,18,19,19,1,FALSE
GP,F,17,R,LE3,T,4,4,services,other,other,mother,1,1,no,yes,no,yes,yes,no,no,5,2,1,1,2,3,0,yes,12,8,10,10,0,no,6,12,11,11,1.5,FALSE
GP,F,17,U,GT3,A,2,1,other,other,course,mother,2,3,no,no,yes,yes,yes,yes,yes,3,2,3,1,2,3,0,no,10,12,10,12,0,no,0,15,15,16,1.5,FALSE
GP,F,17,U,GT3,A,2,2,at_home,at_home,home,father,1,2,no,yes,no,yes,yes,yes,yes,3,3,1,1,2,4,1,no,0,9,8,0,0,no,18,10,12,14,1.5,FALSE
GP,F,17,U,GT3,A,3,3,health,other,reputation,mother,1,2,no,yes,no,no,yes,yes,yes,3,3,3,1,3,3,0,no,6,8,7,9,0,no,10,12,13,14,2,FALSE
GP,F,17,U,GT3,A,4,3,services,services,course,mother,1,2,no,yes,no,yes,yes,yes,yes,5,2,2,1,2,5,0,yes,23,13,13,13,0,no,14,15,14,17,1.5,FALSE
GP,F,17,U,GT3,A,4,4,other,teacher,home,mother,2,2,yes,yes,no,yes,yes,no,no,4,1,4,1,1,1,0,no,6,6,5,6,0,no,2,10,13,13,1,FALSE
GP,F,17,U,GT3,T,1,1,at_home,other,course,father,1,2,no,yes,no,no,yes,yes,no,5,3,3,1,1,3,0,no,4,5,5,6,0,no,2,9,11,11,1,FALSE
GP,F,17,U,GT3,T,1,1,at_home,other,reputation,mother,1,3,no,yes,yes,yes,yes,no,yes,4,3,4,1,1,5,1,no,0,6,5,0,0,no,12,12,12,12,1,FALSE
GP,F,17,U,GT3,T,1,1,at_home,services,course,mother,1,2,no,no,yes,yes,yes,yes,no,5,3,3,1,1,3,0,no,0,8,8,9,0,no,0,12,11,12,1,FALSE
GP,F,17,U,GT3,T,1,1,other,other,course,mother,1,2,no,yes,no,no,yes,no,no,4,4,4,1,3,1,0,yes,4,9,9,10,0,no,0,14,15,15,2,FALSE
GP,F,17,U,GT3,T,1,1,services,teacher,reputation,mother,1,3,no,yes,no,yes,yes,yes,no,4,3,3,1,1,3,0,yes,6,13,12,12,0,no,0,13,13,14,1,FALSE
GP,F,17,U,GT3,T,2,2,at_home,at_home,course,mother,1,3,no,yes,yes,yes,yes,yes,no,4,3,3,1,1,4,0,yes,4,9,10,10,0,no,0,12,12,13,1,FALSE
GP,F,17,U,GT3,T,2,2,other,other,course,mother,1,2,no,yes,no,no,yes,yes,no,5,4,5,1,2,5,0,no,4,10,9,11,0,no,12,12,12,14,1.5,FALSE
GP,F,17,U,GT3,T,2,2,other,other,course,mother,1,2,no,yes,no,yes,yes,no,yes,4,2,2,1,1,3,0,no,12,11,9,9,0,no,4,14,13,13,1,FALSE
GP,F,17,U,GT3,T,2,3,at_home,other,home,father,2,1,no,yes,no,yes,yes,no,no,3,3,3,1,4,3,0,yes,3,7,7,8,0,no,4,12,13,13,2.5,TRUE
GP,F,17,U,GT3,T,2,4,at_home,health,reputation,mother,2,2,no,yes,no,yes,yes,yes,yes,4,3,3,1,1,1,0,yes,2,10,10,10,0,no,6,15,16,16,1,FALSE
GP,F,17,U,GT3,T,2,4,services,services,reputation,father,1,2,no,yes,yes,yes,yes,no,no,5,4,2,2,3,5,0,no,0,16,17,17,0,no,0,17,18,17,2.5,TRUE
GP,F,17,U,GT3,T,3,1,services,services,course,father,1,3,no,yes,no,no,yes,yes,no,3,4,3,2,3,5,0,no,1,12,14,15,0,no,0,17,18,17,2.5,TRUE
GP,F,17,U,GT3,T,3,2,health,health,reputation,father,1,4,no,yes,yes,no,yes,yes,no,5,2,2,1,2,5,0,yes,0,17,17,18,0,no,0,18,18,18,1.5,FALSE
GP,F,17,U,GT3,T,3,2,other,other,course,mother,1,2,no,no,yes,no,yes,yes,no,5,3,4,1,3,3,0,no,10,16,15,15,0,no,2,17,18,17,2,FALSE
GP,F,17,U,GT3,T,3,2,other,other,home,mother,1,2,no,yes,no,yes,yes,yes,yes,4,3,2,2,3,2,0,yes,0,7,8,0,0,no,0,12,13,15,2.5,TRUE
GP,F,17,U,GT3,T,3,3,other,other,home,mother,1,3,no,no,yes,no,yes,no,no,3,2,3,1,1,4,0,no,4,10,9,9,0,no,2,15,12,13,1,FALSE
GP,F,17,U,GT3,T,3,4,at_home,services,home,mother,1,3,no,yes,no,yes,yes,yes,yes,4,4,3,3,4,5,1,yes,28,10,9,9,1,yes,14,8,9,8,3.5,TRUE
GP,F,17,U,GT3,T,3,4,services,other,course,mother,1,3,no,no,no,yes,yes,yes,no,4,4,5,1,3,5,0,no,16,16,15,15,0,no,8,11,13,14,2,FALSE
GP,F,17,U,GT3,T,4,2,other,other,reputation,mother,2,3,no,yes,no,yes,yes,yes,no,4,3,3,1,1,3,0,yes,0,15,12,14,0,no,0,16,16,16,1,FALSE
GP,F,17,U,GT3,T,4,3,health,other,reputation,mother,1,3,no,yes,yes,yes,yes,yes,yes,4,4,3,1,3,4,0,yes,0,13,15,15,0,no,0,11,12,13,2,FALSE
GP,F,17,U,GT3,T,4,3,health,services,reputation,mother,1,3,no,yes,no,yes,yes,yes,no,4,2,2,1,2,3,0,yes,0,15,15,15,0,no,0,17,18,18,1.5,FALSE
GP,F,17,U,GT3,T,4,3,other,other,reputation,mother,1,2,no,no,no,yes,yes,yes,yes,3,4,5,2,4,1,2,yes,22,6,6,4,0,no,16,11,9,10,3,TRUE
GP,F,17,U,GT3,T,4,4,other,teacher,course,mother,1,1,yes,yes,no,yes,yes,no,yes,4,2,1,1,1,4,0,no,0,11,11,12,0,no,0,13,13,13,1,FALSE
GP,F,17,U,GT3,T,4,4,services,teacher,home,mother,2,1,no,yes,no,yes,yes,yes,no,4,2,4,2,3,2,1,no,24,18,18,18,1,no,30,14,15,16,2.5,TRUE
GP,F,17,U,GT3,T,4,4,teacher,services,course,mother,1,3,no,yes,yes,yes,yes,yes,no,5,4,4,1,3,4,0,yes,7,10,9,9,0,no,0,13,12,13,2,FALSE
GP,F,17,U,GT3,T,4,4,teacher,teacher,course,mother,2,3,no,yes,no,no,yes,yes,yes,4,3,3,1,2,4,0,yes,4,14,14,14,0,no,4,15,14,15,1.5,FALSE
GP,F,17,U,LE3,T,0,2,at_home,at_home,home,father,2,3,no,no,no,yes,yes,yes,no,3,3,3,2,3,2,0,no,0,16,15,15,0,no,0,14,14,15,2.5,TRUE
GP,F,17,U,LE3,T,2,2,other,other,course,father,1,1,no,yes,no,yes,yes,yes,yes,3,4,4,1,3,5,0,no,12,10,13,12,0,no,2,13,12,12,2,FALSE
GP,F,17,U,LE3,T,2,2,services,other,course,mother,2,2,yes,yes,no,yes,yes,yes,yes,4,4,4,2,3,5,0,yes,6,12,12,12,0,no,6,12,12,12,2.5,TRUE
GP,F,17,U,LE3,T,2,2,services,services,course,father,1,4,no,no,yes,yes,yes,yes,yes,3,4,1,1,1,2,0,yes,0,10,9,0,0,no,2,10,11,12,1,FALSE
GP,F,17,U,LE3,T,2,4,services,services,course,father,1,2,no,no,yes,yes,yes,yes,yes,4,3,2,1,1,5,0,no,0,14,15,15,0,no,8,14,15,16,1,FALSE
GP,F,17,U,LE3,T,3,2,other,other,reputation,mother,2,2,no,no,no,yes,yes,yes,no,4,4,4,1,3,1,0,yes,2,14,15,15,0,no,2,14,16,15,2,FALSE
GP,F,17,U,LE3,T,3,3,other,other,reputation,mother,1,2,no,yes,yes,yes,yes,yes,yes,5,3,3,2,3,1,0,no,56,9,9,8,0,no,32,14,13,14,2.5,TRUE
GP,F,17,U,LE3,T,4,2,teacher,services,reputation,mother,1,4,no,yes,yes,yes,yes,yes,no,4,2,3,1,1,4,0,yes,6,14,12,13,0,no,2,14,15,17,1,FALSE
GP,F,17,U,LE3,T,4,3,health,other,reputation,father,1,2,no,no,yes,yes,yes,yes,yes,3,2,3,1,2,3,0,no,14,13,13,14,0,no,0,14,12,12,1.5,FALSE
GP,F,18,R,GT3,A,3,2,other,services,home,mother,2,2,no,no,no,no,no,yes,yes,4,1,1,1,1,5,0,no,75,10,9,9,0,no,15,12,9,10,1,FALSE
GP,F,18,R,GT3,T,1,1,at_home,other,course,mother,3,1,no,yes,yes,no,yes,no,no,5,2,5,1,5,4,3,no,6,9,8,10,3,no,6,11,10,11,3,TRUE
GP,F,18,R,GT3,T,2,1,other,other,reputation,mother,2,2,no,yes,no,yes,no,yes,yes,4,3,5,1,2,3,0,no,0,6,0,0,0,no,12,8,9,10,1.5,FALSE
GP,F,18,R,GT3,T,2,2,at_home,other,course,mother,2,4,no,no,yes,yes,yes,no,no,4,4,4,1,1,4,0,no,0,10,9,0,0,no,6,14,13,14,1,FALSE
GP,F,18,R,GT3,T,3,1,other,other,reputation,mother,1,2,no,no,yes,yes,yes,yes,yes,5,3,3,1,1,4,1,no,16,9,8,7,0,no,4,8,8,8,1,FALSE
GP,F,18,R,GT3,T,4,4,teacher,other,reputation,mother,2,2,no,no,yes,yes,yes,yes,no,4,3,4,2,2,4,0,yes,8,12,10,11,0,no,8,10,11,12,2,FALSE
GP,F,18,R,LE3,T,1,1,at_home,other,reputation,mother,2,4,no,yes,yes,yes,yes,no,no,5,2,2,1,1,3,0,yes,1,12,12,12,0,no,2,17,17,18,1,FALSE
GP,F,18,U,GT3,A,4,4,at_home,teacher,course,mother,2,2,yes,no,no,yes,yes,no,no,4,3,4,1,1,3,0,no,6,5,6,6,0,no,4,0,11,11,1,FALSE
GP,F,18,U,GT3,T,1,1,other,other,home,mother,2,2,yes,no,yes,yes,yes,yes,no,5,4,4,1,1,4,0,no,4,8,9,10,0,no,0,12,13,13,1,FALSE
GP,F,18,U,GT3,T,2,1,other,other,course,other,2,3,no,yes,no,no,yes,yes,yes,4,4,4,1,1,3,0,yes,0,7,0,0,0,no,10,12,10,11,1,FALSE
GP,F,18,U,GT3,T,2,1,services,other,course,mother,2,2,no,yes,yes,yes,yes,yes,no,5,3,3,1,2,1,0,yes,0,8,8,0,0,no,2,12,12,15,1.5,FALSE
GP,F,18,U,GT3,T,2,2,at_home,at_home,other,mother,1,3,no,yes,no,yes,yes,yes,no,4,3,3,1,2,2,0,yes,5,18,18,19,0,no,0,18,18,18,1.5,FALSE
GP,F,18,U,GT3,T,2,2,at_home,services,home,mother,1,3,no,yes,yes,yes,yes,yes,yes,4,3,3,1,1,3,0,yes,0,9,10,0,0,no,0,11,12,13,1,FALSE
GP,F,18,U,GT3,T,2,3,at_home,other,course,mother,1,3,no,yes,no,yes,yes,yes,no,4,3,3,1,2,3,0,no,4,11,10,10,0,no,0,11,12,14,1.5,FALSE
GP,F,18,U,GT3,T,2,3,other,services,reputation,father,1,4,no,yes,yes,yes,yes,yes,yes,4,5,5,1,3,2,0,yes,4,15,14,14,0,no,10,16,16,16,2,FALSE
GP,F,18,U,GT3,T,3,2,other,services,other,mother,1,3,no,no,no,yes,yes,yes,yes,5,4,3,2,3,1,0,no,7,13,13,14,0,no,4,14,16,17,2.5,TRUE
GP,F,18,U,GT3,T,3,3,services,services,home,mother,1,2,no,no,yes,yes,yes,yes,no,5,3,4,1,1,4,0,no,0,7,0,0,0,no,8,10,11,12,1,FALSE
GP,F,18,U,GT3,T,4,3,other,other,course,mother,1,3,no,yes,yes,yes,yes,yes,yes,4,3,4,1,1,5,0,yes,9,9,10,9,0,no,2,14,15,17,1,FALSE
GP,F,18,U,GT3,T,4,3,other,other,reputation,father,1,4,no,yes,no,yes,yes,yes,no,4,3,3,1,1,3,0,yes,0,14,13,14,0,no,0,16,17,17,1,FALSE
GP,F,18,U,GT3,T,4,3,services,other,home,father,1,2,no,yes,no,yes,yes,yes,yes,3,1,2,1,3,2,0,yes,21,17,18,18,0,no,2,15,15,15,2,FALSE
GP,F,18,U,GT3,T,4,4,health,health,reputation,father,1,2,yes,yes,yes,yes,yes,yes,yes,2,4,4,1,1,4,1,no,15,9,8,8,1,no,2,14,12,13,1,FALSE
GP,F,18,U,GT3,T,4,4,teacher,other,course,mother,1,2,no,yes,no,yes,yes,yes,no,4,4,4,3,3,5,0,yes,2,11,11,11,0,no,0,12,11,13,3,TRUE
GP,F,18,U,LE3,A,4,4,health,other,home,mother,1,2,no,yes,no,yes,yes,yes,yes,4,2,4,1,1,4,0,no,14,12,10,11,0,yes,0,14,15,15,1,FALSE
GP,F,18,U,LE3,T,1,1,other,other,home,mother,2,2,no,yes,no,no,yes,no,no,4,4,3,1,1,3,0,yes,2,11,11,11,0,no,2,13,13,13,1,FALSE
GP,F,18,U,LE3,T,2,2,other,other,home,other,1,2,no,no,yes,no,yes,yes,yes,4,3,3,1,1,2,0,no,0,8,8,0,0,no,0,10,9,12,1,FALSE
GP,F,18,U,LE3,T,3,3,services,services,home,mother,1,4,no,yes,no,yes,yes,yes,no,5,3,3,1,1,1,0,no,7,16,15,17,0,no,4,14,14,15,1,FALSE
GP,F,18,U,LE3,T,4,3,other,other,home,other,2,2,no,yes,no,yes,yes,yes,yes,4,4,5,1,2,2,0,yes,10,10,8,8,0,no,0,13,14,14,1.5,FALSE
GP,F,19,U,GT3,T,0,1,at_home,other,course,other,1,2,no,yes,no,no,no,no,no,3,4,2,1,1,5,3,no,2,7,8,9,2,no,0,9,10,11,1,FALSE
GP,F,19,U,GT3,T,3,3,other,other,reputation,other,1,4,no,yes,yes,yes,yes,yes,no,4,3,3,1,2,3,0,yes,10,8,8,8,0,no,4,12,12,12,1.5,FALSE
GP,F,19,U,GT3,T,3,3,other,services,home,other,1,2,no,yes,yes,yes,yes,yes,no,4,3,5,3,3,5,2,yes,15,9,9,9,0,no,16,11,12,12,3,TRUE
GP,F,19,U,GT3,T,4,4,health,other,reputation,other,2,2,no,yes,yes,yes,yes,yes,no,2,3,4,2,3,2,0,yes,0,10,9,0,0,no,2,14,13,13,2.5,TRUE
GP,M,15,R,GT3,T,2,1,health,services,reputation,mother,1,2,no,no,yes,yes,yes,yes,yes,5,4,2,1,1,5,0,no,8,9,9,9,0,no,4,10,9,10,1,FALSE
GP,M,15,R,GT3,T,2,3,at_home,services,course,mother,1,2,yes,no,yes,yes,yes,no,no,4,4,4,1,1,1,0,yes,2,11,8,8,0,yes,0,7,8,8,1,FALSE
GP,M,15,R,GT3,T,3,4,at_home,teacher,course,mother,4,2,no,yes,no,yes,yes,no,yes,5,3,3,1,1,5,0,no,0,9,0,0,0,no,2,12,11,11,1,FALSE
GP,M,15,R,GT3,T,4,3,teacher,at_home,course,mother,1,2,no,yes,yes,yes,yes,yes,yes,4,5,2,1,1,5,0,no,0,17,16,16,0,no,0,13,14,15,1,FALSE
GP,M,15,R,GT3,T,4,4,other,other,home,father,4,4,no,yes,yes,yes,yes,yes,yes,1,3,5,3,5,1,0,yes,6,10,13,13,0,no,8,12,10,11,4,TRUE
GP,M,15,U,GT3,A,2,2,other,other,home,other,1,3,no,yes,no,yes,yes,yes,yes,4,5,2,1,1,3,0,no,0,14,16,16,0,no,0,14,14,15,1,FALSE
GP,M,15,U,GT3,A,3,4,services,other,course,mother,1,2,no,yes,yes,yes,yes,yes,no,5,4,4,1,1,1,0,yes,0,16,18,18,0,no,0,16,16,16,1,FALSE
GP,M,15,U,GT3,A,4,4,other,services,reputation,mother,1,4,no,yes,yes,no,yes,yes,yes,1,3,3,5,5,3,0,no,4,13,13,12,0,no,0,11,12,12,5,TRUE
GP,M,15,U,GT3,T,2,2,other,other,home,mother,1,1,no,yes,no,yes,yes,yes,no,4,2,2,1,2,5,0,yes,2,12,12,11,0,no,8,11,12,12,1.5,FALSE
GP,M,15,U,GT3,T,2,2,services,services,course,father,1,1,yes,yes,no,yes,yes,yes,no,5,4,1,1,1,1,0,no,0,8,8,11,0,no,0,9,10,10,1,FALSE
GP,M,15,U,GT3,T,2,2,services,services,home,father,1,4,no,yes,yes,yes,yes,yes,no,5,5,4,1,2,5,0,yes,6,16,14,15,0,no,6,14,13,13,1.5,FALSE
GP,M,15,U,GT3,T,2,3,other,other,home,mother,1,3,yes,no,no,no,yes,yes,no,5,3,2,1,2,5,0,yes,4,11,10,11,0,no,2,10,9,9,1.5,FALSE
GP,M,15,U,GT3,T,2,3,other,services,course,father,1,1,yes,yes,yes,no,yes,yes,yes,3,2,2,1,3,3,0,yes,2,10,12,12,0,no,0,11,11,12,2,FALSE
GP,M,15,U,GT3,T,3,4,other,other,home,mother,1,2,no,yes,yes,yes,yes,yes,no,5,5,1,1,1,5,0,yes,0,14,15,15,0,no,0,12,12,13,1,FALSE
GP,M,15,U,GT3,T,3,4,other,other,reputation,father,1,1,no,no,no,yes,yes,yes,no,3,4,3,1,2,4,0,no,6,14,13,13,0,no,2,14,13,14,1.5,FALSE
GP,M,15,U,GT3,T,3,4,services,services,home,father,1,1,yes,no,no,yes,yes,yes,no,5,5,5,3,2,5,0,no,0,13,13,12,0,no,2,9,9,9,2.5,TRUE
GP,M,15,U,GT3,T,4,0,teacher,other,course,mother,2,4,no,no,yes,yes,yes,yes,no,3,4,3,1,1,1,0,no,8,11,11,10,0,no,0,12,11,11,1,FALSE
GP,M,15,U,GT3,T,4,2,health,services,other,mother,1,1,no,no,no,yes,yes,yes,no,2,2,4,2,4,1,0,yes,4,15,16,15,0,no,0,11,11,11,3,TRUE
GP,M,15,U,GT3,T,4,2,other,other,course,mother,1,4,no,no,no,yes,yes,yes,no,3,3,3,1,1,3,0,no,0,10,10,10,0,no,0,11,9,10,1,FALSE
GP,M,15,U,GT3,T,4,2,teacher,other,home,mother,1,2,no,yes,no,yes,yes,no,no,4,3,3,2,2,5,0,yes,2,15,15,14,0,no,4,11,12,13,2,FALSE
GP,M,15,U,GT3,T,4,3,teacher,other,course,mother,2,2,no,yes,no,yes,yes,yes,no,5,4,3,1,2,3,0,yes,2,10,10,11,0,no,0,12,12,13,1.5,FALSE
GP,M,15,U,GT3,T,4,3,teacher,other,home,mother,1,2,no,yes,yes,yes,yes,yes,no,4,3,3,2,3,5,0,yes,6,9,9,10,0,no,0,11,11,11,2.5,TRUE
GP,M,15,U,GT3,T,4,3,teacher,other,reputation,mother,1,2,no,no,no,yes,yes,yes,no,4,4,1,1,1,1,0,no,0,13,14,15,0,no,0,12,13,14,1,FALSE
GP,M,15,U,GT3,T,4,3,teacher,services,course,father,2,4,yes,yes,no,yes,yes,yes,no,2,2,2,1,1,3,0,no,0,7,9,0,0,no,6,9,11,11,1,FALSE
GP,M,15,U,GT3,T,4,4,health,health,other,father,1,1,no,yes,no,yes,yes,yes,no,5,4,2,1,1,5,0,yes,0,12,15,15,0,yes,0,11,12,12,1,FALSE
GP,M,15,U,GT3,T,4,4,health,services,home,mother,1,2,no,yes,no,no,yes,yes,no,5,4,2,3,4,5,0,yes,0,9,11,12,0,yes,0,10,11,11,3.5,TRUE
GP,M,15,U,GT3,T,4,4,other,teacher,reputation,father,2,2,no,yes,yes,yes,yes,no,no,4,4,3,1,1,2,0,no,2,11,13,14,0,no,4,16,15,16,1,FALSE
GP,M,15,U,GT3,T,4,4,services,other,course,mother,1,1,no,yes,yes,no,yes,yes,no,5,3,3,1,1,5,0,no,4,10,13,14,0,yes,2,12,13,12,1,FALSE
GP,M,15,U,GT3,T,4,4,services,services,reputation,mother,2,2,no,yes,yes,yes,yes,yes,no,4,3,1,1,1,5,0,no,0,17,16,17,0,no,2,15,15,15,1,FALSE
GP,M,15,U,GT3,T,4,4,services,teacher,course,father,1,2,no,yes,yes,yes,yes,yes,no,4,3,3,1,1,5,0,no,2,19,18,18,0,no,0,14,15,15,1,FALSE
GP,M,15,U,GT3,T,4,4,teacher,health,reputation,mother,1,2,no,yes,yes,yes,yes,no,no,3,2,2,1,1,5,0,no,4,14,15,15,0,no,8,15,15,16,1,FALSE
GP,M,15,U,LE3,A,2,1,services,other,course,mother,4,1,no,no,no,yes,yes,yes,no,4,5,5,2,5,5,3,no,0,8,9,10,0,no,0,12,11,11,3.5,TRUE
GP,M,15,U,LE3,A,3,2,services,other,home,mother,1,2,no,yes,no,yes,yes,yes,no,4,2,2,1,1,1,0,yes,0,16,18,19,0,no,0,15,16,17,1,FALSE
GP,M,15,U,LE3,A,4,2,health,health,other,father,2,1,no,no,no,yes,yes,no,no,5,5,5,3,4,5,1,no,6,11,11,10,0,no,4,10,9,9,3.5,TRUE
GP,M,15,U,LE3,A,4,4,teacher,teacher,course,mother,1,1,no,no,yes,yes,yes,yes,no,5,5,3,1,1,4,0,no,6,18,19,19,0,no,4,13,14,14,1,FALSE
GP,M,15,U,LE3,T,1,2,other,at_home,home,father,1,2,yes,yes,yes,yes,yes,yes,no,4,3,2,1,1,5,0,no,2,9,10,9,0,no,0,14,13,14,1,FALSE
GP,M,15,U,LE3,T,2,2,services,health,reputation,mother,1,4,no,yes,yes,yes,yes,yes,no,4,3,4,1,1,4,0,no,6,11,13,14,0,no,2,11,12,12,1,FALSE
GP,M,15,U,LE3,T,2,2,services,services,home,mother,2,2,no,no,yes,yes,yes,yes,no,5,3,3,1,3,4,0,yes,4,15,15,15,0,yes,2,13,12,13,2,FALSE
GP,M,15,U,LE3,T,3,3,other,other,course,mother,1,2,no,no,yes,no,yes,yes,no,5,3,2,1,1,2,0,no,0,8,10,12,0,no,0,13,12,12,1,FALSE
GP,M,15,U,LE3,T,4,2,teacher,other,course,mother,1,1,no,no,no,yes,yes,yes,no,3,5,2,1,1,3,0,no,10,18,19,19,0,no,10,18,17,18,1,FALSE
GP,M,15,U,LE3,T,4,3,teacher,services,home,mother,1,3,no,yes,yes,yes,yes,yes,no,5,4,3,1,1,4,0,no,2,15,16,18,0,no,0,14,14,14,1,FALSE
GP,M,15,U,LE3,T,4,4,health,services,course,father,1,1,no,yes,yes,yes,yes,yes,no,4,3,3,1,3,5,0,yes,2,14,14,14,0,no,0,12,13,12,2,FALSE
GP,M,15,U,LE3,T,4,4,teacher,other,home,other,1,1,no,yes,no,no,yes,yes,yes,5,4,3,2,4,5,0,no,8,12,12,12,0,no,8,10,11,11,3,TRUE
GP,M,16,R,GT3,A,4,4,other,teacher,reputation,mother,2,3,no,yes,yes,yes,yes,yes,yes,2,4,3,1,1,5,0,no,7,15,16,15,0,no,4,13,13,13,1,FALSE
GP,M,16,R,GT3,T,2,1,other,other,course,mother,2,1,no,no,yes,no,yes,no,no,3,3,2,1,3,3,0,no,0,8,9,8,0,no,2,14,13,12,2,FALSE
GP,M,16,R,GT3,T,2,2,at_home,other,course,mother,3,1,no,no,no,no,yes,no,no,4,2,2,1,2,3,0,no,2,17,15,15,0,no,4,12,10,11,1.5,FALSE
GP,M,16,R,GT3,T,3,3,services,services,reputation,mother,1,1,no,yes,yes,yes,yes,yes,no,4,3,2,3,4,5,0,no,8,8,9,10,0,no,0,11,10,10,3.5,TRUE
GP,M,16,R,GT3,T,4,2,teacher,services,other,mother,1,1,no,yes,yes,yes,yes,yes,yes,4,3,3,3,4,3,0,no,10,10,8,9,0,no,8,10,9,11,3.5,TRUE
GP,M,16,R,GT3,T,4,3,services,other,reputation,mother,2,1,yes,yes,yes,no,yes,yes,no,3,3,3,1,1,4,0,no,2,11,15,15,0,yes,6,9,11,11,1,FALSE
GP,M,16,R,GT3,T,4,4,teacher,teacher,course,mother,1,1,no,no,yes,yes,yes,yes,no,3,5,5,2,5,4,0,yes,8,18,18,18,0,no,8,14,14,15,3.5,TRUE
GP,M,16,R,LE3,T,3,3,teacher,other,home,father,3,1,no,yes,yes,yes,yes,yes,no,3,3,4,3,5,3,0,yes,8,9,9,10,0,no,16,10,11,12,4,TRUE
GP,M,16,U,GT3,T,0,2,other,other,other,mother,1,1,no,no,no,no,yes,yes,no,4,3,2,2,4,5,0,yes,0,13,15,15,0,no,0,11,12,11,3,TRUE
GP,M,16,U,GT3,T,1,0,other,other,reputation,mother,2,2,no,yes,yes,yes,yes,yes,yes,4,3,2,1,1,3,0,yes,2,13,15,16,0,no,0,16,17,18,1,FALSE
GP,M,16,U,GT3,T,1,2,services,services,other,mother,1,1,no,yes,yes,yes,yes,yes,yes,3,3,3,1,2,3,0,yes,2,11,12,11,0,no,0,10,9,11,1.5,FALSE
GP,M,16,U,GT3,T,2,1,other,other,course,mother,3,1,no,no,no,yes,yes,yes,no,4,3,3,1,1,4,0,no,6,18,18,18,0,no,7,15,16,16,1,FALSE
GP,M,16,U,GT3,T,2,2,other,other,course,father,1,2,no,no,no,yes,no,yes,no,4,3,5,2,4,4,0,no,4,10,10,10,0,no,0,9,10,11,3,TRUE
GP,M,16,U,GT3,T,2,2,services,other,reputation,father,2,2,no,no,yes,no,yes,yes,no,4,4,2,1,1,3,1,yes,12,11,10,10,0,no,6,12,10,11,1,FALSE
GP,M,16,U,GT3,T,2,3,other,other,home,father,2,1,no,no,no,yes,yes,yes,no,5,3,3,1,1,3,0,no,0,13,14,14,0,no,0,13,12,12,1,FALSE
GP,M,16,U,GT3,T,3,1,other,other,reputation,father,2,4,no,yes,no,yes,yes,yes,no,4,3,2,1,1,5,0,yes,0,13,15,15,0,no,2,13,11,11,1,FALSE
GP,M,16,U,GT3,T,3,1,other,other,reputation,mother,1,1,no,no,yes,yes,yes,no,no,5,3,2,2,2,5,0,no,2,12,12,14,0,no,0,13,13,14,2,FALSE
GP,M,16,U,GT3,T,3,2,at_home,other,reputation,mother,2,3,no,no,yes,yes,yes,yes,yes,5,3,3,1,3,2,0,no,10,11,9,10,0,no,0,12,12,12,2,FALSE
GP,M,16,U,GT3,T,3,2,other,other,home,mother,1,1,no,yes,no,no,yes,yes,no,5,4,3,1,1,5,0,yes,0,12,14,15,0,no,4,12,12,12,1,FALSE
GP,M,16,U,GT3,T,3,3,at_home,other,reputation,other,3,2,yes,yes,no,no,yes,yes,no,5,3,3,1,3,2,0,no,6,7,10,10,1,no,4,9,11,10,2,FALSE
GP,M,16,U,GT3,T,3,3,other,services,course,father,1,2,no,yes,no,yes,yes,yes,yes,4,5,5,4,4,5,1,yes,4,10,12,12,1,no,0,10,10,1,4,TRUE
GP,M,16,U,GT3,T,3,3,other,services,home,father,2,1,no,no,yes,yes,yes,yes,no,5,4,2,1,1,5,0,no,0,13,14,13,0,no,6,14,14,15,1,FALSE
GP,M,16,U,GT3,T,3,3,services,other,home,father,1,3,no,yes,yes,yes,yes,yes,no,5,3,3,1,1,5,0,no,2,16,18,18,0,no,4,13,14,14,1,FALSE
GP,M,16,U,GT3,T,3,3,services,other,home,mother,1,2,no,no,yes,yes,yes,yes,yes,4,2,3,1,2,3,0,yes,2,12,13,12,0,no,0,11,12,13,1.5,FALSE
GP,M,16,U,GT3,T,3,4,other,other,course,father,3,1,no,yes,yes,no,yes,yes,no,3,4,5,2,4,2,2,no,0,6,5,0,1,no,4,9,9,10,3,TRUE
GP,M,16,U,GT3,T,4,3,health,services,reputation,mother,1,4,no,no,yes,yes,yes,yes,no,4,2,2,1,1,2,0,no,4,19,19,20,0,no,2,17,17,17,1,FALSE
GP,M,16,U,GT3,T,4,3,teacher,other,home,mother,1,2,no,yes,yes,yes,yes,yes,no,3,4,3,2,3,3,0,yes,10,9,8,8,0,yes,4,11,10,11,2.5,TRUE
GP,M,16,U,GT3,T,4,4,health,other,course,mother,1,1,no,yes,yes,yes,yes,yes,no,3,4,4,1,4,5,0,no,18,14,11,13,0,no,4,12,13,13,2.5,TRUE
GP,M,16,U,GT3,T,4,4,health,other,reputation,father,1,2,no,yes,yes,yes,yes,yes,no,4,2,4,2,4,1,0,yes,2,14,13,13,0,no,0,13,13,14,3,TRUE
GP,M,16,U,GT3,T,4,4,services,services,course,mother,1,1,no,no,yes,yes,yes,yes,no,5,3,2,1,2,5,0,no,0,13,12,12,0,yes,4,14,15,15,1.5,FALSE
GP,M,16,U,GT3,T,4,4,services,services,other,mother,1,1,yes,yes,yes,yes,yes,yes,no,4,5,5,5,5,4,0,yes,14,7,7,5,0,no,12,9,9,8,5,TRUE
GP,M,16,U,GT3,T,4,4,services,teacher,other,father,1,3,no,yes,yes,yes,yes,yes,yes,4,4,3,1,1,4,0,no,0,16,17,17,0,no,0,16,16,16,1,FALSE
GP,M,16,U,GT3,T,4,4,teacher,teacher,course,father,1,2,no,yes,yes,yes,yes,yes,no,5,4,4,1,2,5,0,no,2,15,15,16,0,no,6,16,14,14,1.5,FALSE
GP,M,16,U,GT3,T,4,4,teacher,teacher,course,mother,1,1,no,yes,no,yes,no,yes,yes,3,3,2,2,1,5,0,no,0,7,6,0,0,no,16,9,9,8,1.5,FALSE
GP,M,16,U,GT3,T,4,4,teacher,teacher,home,mother,1,2,no,yes,yes,yes,yes,yes,yes,4,4,5,5,5,5,0,yes,16,10,12,11,0,yes,4,12,11,12,5,TRUE
GP,M,16,U,LE3,A,3,4,services,other,home,mother,1,2,yes,yes,yes,yes,yes,yes,no,5,3,3,1,1,5,0,no,4,11,11,11,0,yes,2,12,12,13,1,FALSE
GP,M,16,U,LE3,A,4,4,teacher,health,reputation,mother,1,2,no,yes,no,yes,yes,no,no,4,1,3,3,5,5,0,no,18,8,6,7,0,no,6,9,9,10,4,TRUE
GP,M,16,U,LE3,T,1,1,other,other,home,mother,2,2,no,yes,no,yes,yes,yes,no,3,4,2,1,1,5,0,yes,18,9,7,6,0,no,2,9,9,9,1,FALSE
GP,M,16,U,LE3,T,1,1,services,other,course,mother,1,2,no,no,no,yes,yes,no,yes,4,4,4,1,3,5,1,no,0,14,12,12,2,no,0,10,10,10,2,FALSE
GP,M,16,U,LE3,T,2,1,at_home,other,course,mother,1,1,no,no,yes,yes,yes,no,yes,4,4,4,3,5,5,1,no,6,12,13,14,1,no,6,9,10,10,4,TRUE
GP,M,16,U,LE3,T,2,1,other,other,course,mother,1,2,no,no,yes,yes,yes,yes,yes,4,2,3,1,2,5,0,yes,0,15,15,15,0,no,0,13,14,16,1.5,FALSE
GP,M,16,U,LE3,T,2,2,other,other,home,mother,1,2,no,no,no,yes,yes,yes,no,4,4,4,1,1,3,0,no,0,12,12,11,0,no,0,13,12,13,1,FALSE
GP,M,16,U,LE3,T,2,2,other,other,reputation,mother,2,2,no,yes,yes,yes,yes,yes,no,5,4,4,2,4,5,0,no,0,13,13,12,0,no,2,10,10,10,3,TRUE
GP,M,16,U,LE3,T,2,2,services,services,reputation,father,2,1,no,yes,yes,yes,yes,yes,no,2,3,3,2,2,2,2,no,8,9,9,9,0,no,4,12,11,11,2,FALSE
GP,M,16,U,LE3,T,4,2,teacher,other,course,mother,1,2,no,no,yes,yes,yes,yes,no,4,5,1,1,3,5,0,no,2,15,15,16,0,no,0,12,13,14,2,FALSE
GP,M,16,U,LE3,T,4,3,health,other,home,father,1,1,no,no,yes,yes,yes,yes,no,3,1,3,1,3,5,0,yes,4,8,10,10,0,no,6,12,12,12,2,FALSE
GP,M,16,U,LE3,T,4,3,services,other,reputation,mother,1,2,no,yes,yes,yes,yes,yes,no,5,4,2,1,2,5,0,yes,10,15,15,15,0,no,6,12,12,13,1.5,FALSE
GP,M,16,U,LE3,T,4,3,teacher,other,course,mother,1,1,no,no,yes,no,yes,yes,no,5,4,5,1,1,3,0,no,0,6,0,0,0,no,7,14,14,15,1,FALSE
GP,M,17,R,GT3,T,1,2,at_home,at_home,home,mother,1,2,no,yes,yes,no,yes,no,yes,3,5,2,2,2,1,0,yes,2,15,14,14,0,no,2,16,17,18,2,FALSE
GP,M,17,R,GT3,T,1,2,at_home,other,home,mother,1,2,no,no,no,yes,yes,no,no,3,1,3,1,5,3,0,no,4,8,9,10,0,no,6,9,9,10,3,TRUE
GP,M,17,R,GT3,T,1,3,other,other,course,father,3,2,no,yes,yes,yes,yes,yes,no,5,2,4,1,4,5,1,no,20,9,7,8,1,no,14,12,11,11,2.5,TRUE
GP,M,17,R,GT3,T,2,1,other,other,course,mother,1,1,no,no,no,no,yes,yes,no,4,4,2,2,4,5,0,no,0,8,12,12,0,no,0,12,12,13,3,TRUE
GP,M,17,R,GT3,T,2,2,other,other,course,father,2,2,no,yes,yes,yes,yes,yes,no,4,5,2,1,1,1,0,yes,4,11,11,11,0,no,0,12,13,13,1,FALSE
GP,M,17,R,GT3,T,2,2,services,other,course,mother,4,1,no,yes,no,yes,yes,yes,no,4,4,5,5,5,4,0,no,8,11,10,10,0,no,2,11,10,10,5,TRUE
GP,M,17,R,GT3,T,3,4,at_home,other,course,mother,3,2,no,no,no,yes,yes,no,no,5,4,5,2,4,5,0,no,0,10,0,0,0,no,2,10,9,10,3,TRUE
GP,M,17,R,LE3,A,4,4,teacher,other,course,mother,2,2,no,yes,no,yes,yes,yes,no,3,3,3,2,3,4,0,yes,2,10,11,12,0,no,0,12,12,12,2.5,TRUE
GP,M,17,R,LE3,T,1,1,other,services,course,mother,4,2,no,no,yes,yes,no,no,yes,5,3,5,1,5,5,3,no,0,5,8,7,0,no,0,8,8,8,3,TRUE
GP,M,17,R,LE3,T,1,2,other,other,reputation,mother,1,1,no,no,no,yes,yes,no,no,2,2,2,3,3,5,0,no,8,16,12,13,3,no,14,9,8,10,3,TRUE
GP,M,17,R,LE3,T,2,1,at_home,other,course,mother,2,1,no,no,yes,yes,no,yes,yes,3,3,2,2,2,5,2,no,0,7,6,0,1,yes,8,8,8,9,2,FALSE
GP,M,17,U,GT3,T,1,1,other,other,reputation,father,1,2,no,no,no,no,yes,yes,no,4,3,3,1,2,4,0,yes,2,12,10,11,0,no,0,12,12,12,1.5,FALSE
GP,M,17,U,GT3,T,1,2,at_home,services,other,other,2,2,no,no,yes,no,yes,yes,no,4,4,4,4,5,5,0,yes,12,7,8,8,0,no,16,10,11,12,4.5,TRUE
GP,M,17,U,GT3,T,2,1,other,other,home,mother,1,1,no,yes,no,yes,yes,yes,no,5,4,5,1,2,5,3,no,0,5,0,0,0,no,22,9,7,6,1.5,FALSE
GP,M,17,U,GT3,T,2,1,other,other,home,mother,2,1,yes,yes,yes,yes,no,yes,no,4,5,1,1,1,3,3,no,2,8,8,10,3,no,0,9,9,10,1,FALSE
GP,M,17,U,GT3,T,2,3,other,other,course,father,2,1,no,no,no,yes,yes,yes,no,5,2,2,1,1,2,0,no,4,12,12,13,0,no,2,9,12,13,1,FALSE
GP,M,17,U,GT3,T,3,1,services,other,other,mother,1,2,no,no,yes,yes,yes,yes,yes,5,4,4,3,4,5,0,yes,2,9,9,10,0,no,0,11,11,14,3.5,TRUE
GP,M,17,U,GT3,T,3,2,services,services,course,mother,1,1,no,yes,yes,yes,yes,yes,no,5,5,5,2,4,5,3,no,16,6,5,5,3,yes,2,8,8,7,3,TRUE
GP,M,17,U,GT3,T,3,3,health,other,home,mother,1,1,no,yes,no,yes,yes,yes,no,4,4,3,1,3,5,0,yes,4,14,12,11,0,no,0,14,15,15,2,FALSE
GP,M,17,U,GT3,T,3,3,other,other,reputation,father,1,2,no,no,yes,no,yes,yes,no,4,3,4,1,4,4,0,no,4,6,5,6,0,no,4,11,9,10,2.5,TRUE
GP,M,17,U,GT3,T,3,3,other,services,reputation,mother,1,1,no,no,yes,no,yes,yes,no,4,3,5,3,5,5,0,no,3,14,15,16,0,no,0,17,18,17,4,TRUE
GP,M,17,U,GT3,T,3,3,services,services,other,mother,1,2,no,yes,yes,yes,yes,yes,yes,4,3,4,2,3,4,0,no,12,12,12,11,0,no,6,11,13,14,2.5,TRUE
GP,M,17,U,GT3,T,4,3,other,other,course,mother,1,2,no,yes,yes,yes,yes,yes,yes,5,2,3,1,1,2,0,no,4,10,10,11,0,yes,4,11,11,13,1,FALSE
GP,M,17,U,GT3,T,4,4,services,teacher,home,mother,1,1,no,no,no,yes,yes,yes,no,5,2,3,1,2,5,0,no,4,17,15,16,0,no,4,13,13,14,1.5,FALSE
GP,M,17,U,GT3,T,4,4,teacher,teacher,reputation,mother,1,2,yes,yes,yes,yes,yes,yes,yes,4,5,5,1,3,2,0,no,14,11,9,9,0,no,0,13,13,13,2,FALSE
GP,M,17,U,LE3,A,3,2,teacher,services,home,mother,1,1,no,no,no,yes,yes,yes,no,4,4,4,3,4,3,1,no,19,11,9,10,0,no,18,13,13,13,3.5,TRUE
GP,M,17,U,LE3,A,4,1,services,other,home,mother,2,1,no,no,yes,yes,yes,yes,yes,4,5,4,2,4,5,0,yes,30,8,8,8,0,no,22,11,11,10,3,TRUE
GP,M,17,U,LE3,T,1,1,health,other,course,mother,2,1,no,yes,yes,yes,yes,yes,no,4,4,4,1,2,5,1,no,2,7,9,8,1,no,0,9,10,10,1.5,FALSE
GP,M,17,U,LE3,T,2,2,other,other,home,father,1,2,no,no,yes,no,yes,yes,yes,4,4,2,5,5,4,0,yes,4,14,13,13,0,no,0,16,16,16,5,TRUE
GP,M,17,U,LE3,T,2,3,services,services,reputation,father,1,2,no,yes,no,no,yes,yes,no,5,3,3,1,3,3,0,yes,2,12,11,12,0,no,0,10,11,11,2,FALSE
GP,M,17,U,LE3,T,4,3,health,other,course,mother,2,2,no,no,yes,yes,yes,yes,yes,2,5,5,1,4,5,0,no,14,12,12,12,0,no,8,15,15,15,2.5,TRUE
GP,M,17,U,LE3,T,4,3,teacher,other,course,mother,2,2,no,no,yes,yes,yes,yes,no,4,4,4,4,4,4,0,yes,4,10,9,9,0,no,0,10,11,11,4,TRUE
GP,M,17,U,LE3,T,4,4,other,teacher,home,father,2,1,no,no,no,yes,yes,yes,no,4,1,1,2,2,5,0,yes,0,11,11,10,0,no,0,12,13,13,2,FALSE
GP,M,17,U,LE3,T,4,4,services,other,home,mother,1,2,no,yes,no,yes,yes,yes,yes,5,3,5,4,5,3,0,yes,13,12,12,13,0,no,15,13,12,12,4.5,TRUE
GP,M,17,U,LE3,T,4,4,teacher,other,reputation,mother,1,2,no,yes,yes,yes,yes,yes,no,4,4,4,1,3,5,0,yes,0,13,11,10,0,no,0,11,9,10,2,FALSE
GP,M,18,R,GT3,T,3,2,other,other,course,mother,1,3,no,no,yes,no,yes,no,no,5,3,2,1,1,3,0,no,1,13,12,12,0,no,2,10,11,12,1,FALSE
GP,M,18,R,GT3,T,4,3,teacher,services,course,mother,1,3,no,no,no,yes,yes,yes,yes,5,3,2,1,2,4,0,no,9,16,15,16,0,no,4,15,14,17,1.5,FALSE
GP,M,18,R,LE3,A,3,4,other,other,reputation,mother,2,2,no,yes,yes,yes,yes,yes,no,4,2,5,3,4,1,0,yes,13,17,17,17,0,no,6,15,16,16,3.5,TRUE
GP,M,18,R,LE3,T,3,2,services,other,reputation,mother,2,3,no,yes,yes,yes,yes,yes,no,5,4,2,1,1,4,0,yes,8,14,13,14,0,no,0,14,15,15,1,FALSE
GP,M,18,R,LE3,T,3,3,other,services,course,mother,1,2,no,yes,no,yes,yes,yes,yes,4,3,3,1,3,5,1,no,8,3,5,5,0,no,8,10,9,10,2,FALSE
GP,M,18,U,GT3,T,2,1,other,other,home,mother,1,2,no,no,yes,yes,yes,yes,no,5,2,4,1,2,4,0,no,8,15,14,14,0,no,2,16,16,16,1.5,FALSE
GP,M,18,U,GT3,T,2,1,services,services,other,mother,1,1,no,no,no,no,no,yes,no,3,2,5,2,5,5,1,no,4,6,9,8,2,no,4,7,8,6,3.5,TRUE
GP,M,18,U,GT3,T,2,1,services,services,reputation,mother,1,3,no,no,yes,yes,yes,yes,no,4,2,4,1,3,2,0,yes,6,15,14,14,0,no,0,14,15,15,2,FALSE
GP,M,18,U,GT3,T,2,2,other,other,home,mother,2,2,no,yes,no,yes,yes,yes,no,3,3,3,5,5,4,0,yes,0,12,13,13,3,yes,9,10,9,10,5,TRUE
GP,M,18,U,GT3,T,2,2,other,services,reputation,father,1,2,no,no,no,yes,no,yes,no,5,5,4,3,5,2,1,no,0,7,7,0,0,no,16,8,7,8,4,TRUE
GP,M,18,U,GT3,T,2,2,services,other,home,mother,1,2,no,yes,yes,yes,yes,yes,no,4,4,4,2,4,5,1,yes,15,6,7,8,0,no,10,12,11,11,3,TRUE
GP,M,18,U,GT3,T,3,2,services,other,course,mother,2,1,no,no,no,yes,no,yes,no,4,4,5,2,4,5,1,no,0,6,8,8,0,no,8,7,8,7,3,TRUE
GP,M,18,U,GT3,T,4,2,health,other,reputation,father,1,2,no,yes,yes,yes,yes,yes,yes,5,4,5,1,3,5,0,yes,10,10,9,10,0,no,4,10,12,14,2,FALSE
GP,M,18,U,GT3,T,4,2,teacher,other,home,mother,1,2,no,yes,yes,yes,yes,yes,yes,4,3,2,1,4,5,0,yes,11,12,11,11,0,no,2,15,16,16,2.5,TRUE
GP,M,18,U,GT3,T,4,3,teacher,other,course,mother,1,2,no,yes,no,no,yes,yes,no,4,3,2,1,1,3,0,yes,2,8,8,8,0,no,2,10,10,11,1,FALSE
GP,M,18,U,GT3,T,4,3,teacher,other,course,mother,1,3,no,yes,no,yes,yes,yes,yes,5,4,5,2,3,5,0,yes,0,10,10,9,0,no,0,14,13,14,2.5,TRUE
GP,M,18,U,GT3,T,4,4,other,other,course,mother,1,3,no,no,yes,yes,yes,yes,no,4,3,3,2,2,3,0,no,3,9,12,11,0,no,0,13,14,13,2,FALSE
GP,M,18,U,GT3,T,4,4,teacher,services,home,father,1,2,no,yes,yes,yes,yes,yes,no,4,3,3,2,2,2,1,no,0,10,10,0,0,no,0,12,12,13,2,FALSE
GP,M,18,U,GT3,T,4,4,teacher,services,home,mother,2,1,no,no,yes,yes,yes,yes,no,3,2,4,1,4,3,0,yes,22,9,9,9,0,no,6,11,12,12,2.5,TRUE
GP,M,18,U,LE3,A,4,4,teacher,teacher,reputation,mother,1,2,no,yes,yes,yes,yes,yes,no,5,4,3,1,1,2,0,yes,9,15,13,15,0,no,0,17,17,17,1,FALSE
GP,M,18,U,LE3,T,1,1,other,other,course,mother,1,1,no,no,no,yes,no,yes,yes,2,3,5,2,5,4,3,no,0,6,5,0,2,no,0,11,9,0,3.5,TRUE
GP,M,18,U,LE3,T,2,1,at_home,other,course,mother,4,2,yes,yes,yes,yes,yes,yes,yes,4,3,2,4,5,3,0,yes,14,10,8,9,0,no,2,9,10,11,4.5,TRUE
GP,M,18,U,LE3,T,2,2,other,other,course,mother,1,4,no,yes,yes,yes,yes,yes,no,4,5,5,2,4,5,0,no,2,9,8,8,0,yes,0,11,11,12,3,TRUE
GP,M,18,U,LE3,T,3,3,services,health,home,father,1,2,no,yes,no,yes,yes,yes,no,3,2,4,2,4,4,1,yes,13,6,6,8,0,no,10,10,10,10,3,TRUE
GP,M,18,U,LE3,T,3,4,services,other,home,mother,1,2,no,no,yes,yes,yes,yes,yes,4,3,3,1,3,5,0,no,11,16,15,15,0,no,6,16,16,17,2,FALSE
GP,M,18,U,LE3,T,4,3,teacher,services,course,mother,2,1,no,no,yes,yes,yes,yes,no,4,2,3,1,2,1,0,yes,8,10,11,10,0,no,0,10,10,10,1.5,FALSE
GP,M,18,U,LE3,T,4,4,teacher,teacher,home,mother,1,1,no,yes,no,yes,yes,yes,yes,1,4,2,2,2,1,0,yes,5,16,15,16,0,no,0,18,18,17,2,FALSE
GP,M,19,R,GT3,T,3,3,other,services,reputation,father,1,2,no,no,yes,yes,yes,no,yes,4,5,3,1,2,5,1,no,0,15,12,12,0,no,0,10,10,11,1.5,FALSE
GP,M,19,U,GT3,T,3,2,services,at_home,home,mother,1,1,no,yes,no,yes,no,yes,yes,4,5,4,1,1,4,3,no,0,5,0,0,0,no,6,11,9,11,1,FALSE
GP,M,19,U,LE3,A,4,3,services,at_home,reputation,mother,1,2,no,yes,no,yes,yes,yes,no,4,3,1,1,1,1,0,no,12,11,11,11,0,no,4,11,13,14,1,FALSE
GP,M,20,U,GT3,A,3,2,services,other,course,other,1,1,no,no,yes,yes,yes,no,no,5,5,3,1,1,5,0,no,0,17,18,18,2,no,0,14,15,15,1,FALSE
GP,M,22,U,GT3,T,3,1,services,services,other,mother,1,1,no,no,no,no,no,yes,yes,5,4,5,5,5,1,3,no,16,6,8,8,3,no,12,7,8,5,5,TRUE
MS,F,17,R,GT3,T,1,1,other,services,reputation,mother,3,1,no,yes,no,yes,yes,yes,yes,5,2,1,1,2,1,1,yes,0,7,6,0,1,no,0,8,8,9,1.5,FALSE
MS,F,17,R,GT3,T,1,2,other,other,course,mother,1,1,no,no,yes,yes,yes,yes,no,3,5,5,1,3,1,0,no,14,6,5,5,0,no,4,7,8,9,2,FALSE
MS,F,17,R,GT3,T,1,2,other,services,course,father,2,2,no,no,no,no,yes,no,no,3,2,2,1,2,3,0,no,0,12,11,12,0,no,0,13,13,13,1.5,FALSE
MS,F,17,R,GT3,T,3,1,at_home,other,reputation,mother,1,2,no,yes,yes,no,yes,yes,no,4,5,4,2,3,1,0,yes,17,10,10,10,0,no,10,8,9,9,2.5,TRUE
MS,F,17,R,GT3,T,4,4,teacher,services,other,father,2,2,no,yes,yes,yes,yes,yes,no,4,3,3,1,2,5,0,yes,4,12,13,13,0,yes,2,12,12,12,1.5,FALSE
MS,F,17,U,GT3,T,2,2,other,at_home,home,mother,1,3,no,no,yes,yes,yes,no,yes,3,4,3,1,1,3,0,no,8,13,11,11,0,no,8,10,11,12,1,FALSE
MS,F,17,U,LE3,A,3,2,services,other,reputation,mother,2,2,no,no,no,yes,yes,no,yes,1,2,3,1,2,5,0,no,2,12,12,11,0,no,0,15,14,15,1.5,FALSE
MS,F,17,U,LE3,T,4,4,at_home,at_home,course,mother,1,2,no,yes,yes,yes,yes,yes,yes,2,3,4,1,1,1,0,yes,0,16,15,15,0,no,4,15,14,15,1,FALSE
MS,F,18,R,GT3,T,1,1,other,other,home,mother,4,3,no,no,no,yes,yes,yes,no,4,3,2,1,2,4,0,no,2,8,8,10,0,no,4,10,11,12,1.5,FALSE
MS,F,18,R,GT3,T,2,2,at_home,other,other,mother,2,3,no,no,no,yes,yes,no,no,5,3,3,1,3,4,0,yes,2,10,9,10,0,no,0,14,17,15,2,FALSE
MS,F,18,R,GT3,T,4,4,other,teacher,other,father,3,2,no,yes,no,no,yes,yes,yes,3,2,2,4,2,5,0,yes,10,14,12,11,0,no,0,7,5,0,3,TRUE
MS,F,18,R,GT3,T,4,4,teacher,at_home,reputation,mother,3,1,no,yes,yes,yes,yes,yes,yes,4,4,3,2,2,5,0,yes,7,6,5,6,0,no,4,7,9,10,2,FALSE
MS,F,18,R,LE3,T,4,4,other,other,reputation,mother,2,3,no,no,no,yes,yes,yes,no,5,4,4,1,1,1,0,no,0,19,18,19,0,no,0,15,17,17,1,FALSE
MS,F,18,R,LE3,T,4,4,teacher,services,course,mother,1,2,no,no,yes,yes,yes,yes,no,5,4,3,3,4,2,0,yes,4,8,9,10,0,no,1,13,14,14,3.5,TRUE
MS,F,18,U,GT3,T,1,1,other,other,course,mother,2,2,no,no,yes,yes,yes,no,no,1,1,1,1,1,5,1,no,0,6,5,0,0,no,6,11,12,9,1,FALSE
MS,F,18,U,GT3,T,2,3,at_home,services,course,father,2,1,no,yes,no,yes,yes,yes,yes,5,2,3,1,2,4,0,yes,0,11,10,10,0,no,0,10,10,10,1.5,FALSE
MS,F,18,U,GT3,T,3,3,other,other,home,mother,1,2,no,no,no,yes,yes,yes,yes,4,1,3,1,2,1,0,yes,0,15,15,15,0,no,1,16,16,16,1.5,FALSE
MS,F,18,U,GT3,T,3,3,services,services,course,father,1,2,no,yes,no,yes,yes,no,yes,5,3,4,1,1,5,0,no,0,10,9,9,0,no,0,10,10,10,1,FALSE
MS,F,18,U,GT3,T,3,3,services,services,other,mother,2,2,no,yes,no,yes,yes,yes,yes,4,3,2,1,3,3,0,no,0,11,11,10,0,no,6,13,12,13,2,FALSE
MS,F,18,U,LE3,T,1,1,at_home,services,course,father,2,3,no,no,no,yes,yes,yes,no,5,3,2,1,1,4,0,no,0,18,16,16,0,no,0,19,17,18,1,FALSE
MS,F,18,U,LE3,T,3,1,teacher,services,course,mother,1,2,no,yes,no,yes,yes,yes,no,4,3,4,1,1,1,0,yes,0,7,9,8,0,no,4,15,15,16,1,FALSE
MS,F,19,R,GT3,T,2,3,services,other,course,mother,1,3,no,no,yes,no,yes,yes,no,5,4,2,1,2,5,1,no,0,7,5,0,1,no,4,10,11,10,1.5,FALSE
MS,M,17,R,GT3,T,4,3,services,other,home,mother,2,2,no,yes,yes,no,yes,yes,yes,4,5,5,1,3,2,0,yes,4,13,11,11,1,yes,4,10,11,11,2,FALSE
MS,M,17,U,GT3,T,2,3,other,services,home,father,2,2,no,no,yes,yes,yes,yes,no,4,4,3,1,1,3,0,no,2,11,11,10,0,no,4,14,15,16,1,FALSE
MS,M,17,U,GT3,T,3,3,health,other,course,mother,2,2,no,yes,no,yes,yes,yes,no,4,5,4,2,3,3,0,yes,2,13,13,13,1,no,4,8,9,10,2.5,TRUE
MS,M,17,U,LE3,T,3,1,services,services,course,mother,2,1,no,no,no,no,yes,yes,no,2,4,5,3,4,2,0,no,3,14,16,16,0,no,6,10,10,10,3.5,TRUE
MS,M,18,R,GT3,T,1,3,at_home,other,course,mother,2,2,no,yes,no,yes,yes,no,no,3,3,4,2,4,3,0,yes,4,10,10,10,0,yes,0,8,10,9,3,TRUE
MS,M,18,R,GT3,T,2,1,other,other,other,mother,2,1,no,no,yes,no,yes,yes,yes,4,4,3,1,3,5,0,no,5,7,6,7,0,no,0,7,7,0,2,FALSE
MS,M,18,R,GT3,T,3,2,other,other,course,mother,2,1,no,yes,no,no,yes,yes,no,2,5,5,5,5,5,1,no,10,11,13,13,0,no,8,9,10,11,5,TRUE
MS,M,18,R,GT3,T,4,2,other,other,home,father,2,1,no,no,no,yes,yes,no,no,5,4,3,4,3,3,1,yes,14,6,5,5,1,yes,0,7,7,0,3.5,TRUE
MS,M,18,R,LE3,T,1,2,at_home,services,other,father,3,1,no,yes,yes,yes,no,yes,yes,4,3,3,2,3,3,0,yes,3,14,12,12,0,no,3,9,10,10,2.5,TRUE
MS,M,18,R,LE3,T,3,2,services,other,course,mother,3,1,no,no,no,no,yes,yes,no,4,4,1,3,4,5,0,no,0,11,12,10,0,no,4,10,11,11,3.5,TRUE
MS,M,18,U,GT3,T,4,4,teacher,teacher,home,father,1,2,no,no,yes,no,yes,yes,no,3,2,4,1,4,2,0,yes,4,15,14,14,0,no,4,17,18,19,2.5,TRUE
MS,M,18,U,LE3,T,1,1,other,services,home,father,2,1,no,no,no,no,yes,yes,yes,3,3,2,1,2,3,0,no,4,10,10,10,0,no,2,14,13,14,1.5,FALSE
MS,M,18,U,LE3,T,1,3,at_home,services,course,mother,1,1,no,no,no,yes,no,yes,yes,4,3,3,2,3,3,1,no,7,8,7,8,0,no,0,9,10,9,2.5,TRUE
MS,M,18,U,LE3,T,4,4,teacher,services,other,mother,2,3,no,no,no,yes,yes,yes,yes,4,2,2,2,2,5,0,yes,0,13,13,13,0,no,0,15,16,16,2,FALSE
MS,M,19,R,GT3,T,1,1,other,other,home,other,3,1,no,yes,no,yes,yes,yes,no,4,4,4,3,3,5,1,no,4,8,8,8,1,no,4,8,9,10,3,TRUE
MS,M,19,R,GT3,T,1,1,other,services,home,other,3,2,no,no,no,yes,yes,yes,no,5,4,4,3,3,2,3,no,8,8,7,8,1,no,8,10,9,11,3,TRUE
MS,M,19,R,GT3,T,1,1,other,services,other,mother,2,1,no,no,no,yes,yes,no,no,4,3,2,1,3,5,1,no,0,6,5,0,1,no,0,5,8,0,2,FALSE
